{"male_clothes": [0.12878024578094482, 0.11151713132858276, 0.08870967477560043, 0.14427922666072845, 0.22404232621192932, 0.16828376054763794, -0.06873739510774612, -0.033329132944345474, -0.08776461333036423, 0.009639617055654526, -0.009072579443454742, 0.014994959346950054], "female_clothes": [0.09261592477560043, 0.007875503972172737, -0.004410283640027046, 0.16185735166072845, 0.014994960278272629, 0.14314515888690948, -0.043094757944345474, -0.09973537921905518, -0.02413054369390011, -0.06558720022439957, -0.06489415466785431, -0.03169102594256401], "male_bags": [0.0752268135547638, 0.09828628599643707, 0.11806955933570862, 0.09488406777381897, 0.224609375, 0.06268900632858276, 0.005544355139136314, -0.026650704443454742, 0.002772177569568157, -0.050655242055654526, 0.003213205374777317, -0.06615423411130905], "female_bags": [0.054183464497327805, 0.06376007944345474, -0.06949344277381897, 0.044795867055654526, 0.022681452333927155, 0.023941531777381897, -0.07138356566429138, -0.039377517998218536, -0.01827116683125496, -0.04794606566429138, -0.06703628599643707, -0.0834803432226181], "male_drinks": [0.10030242055654526, 0.0674143135547638, 0.06174394488334656, 0.029359877109527588, 0.04952116683125496, 0.04410282149910927, -0.03717237710952759, -0.03061996027827263, 0.011718749068677425, -0.0034022177569568157, 0.0007560513913631439, -0.025957660749554634], "female_drinks": [0.03988155350089073, 0.07465977221727371, 0.08366934955120087, 0.038054436445236206, 0.06854838132858276, 0.022618446499109268, -0.01625503972172737, -0.020350303500890732, -0.00012600794434547424, -0.04750503972172737, -0.014805950224399567, -0.008946573361754417]}