{"male_clothes": [7.546875, 8.4765625, 4.234375, 9.1640625, 7.6875, 8.5859375, -3.59375, -2.6484375, -2.09375, -5.84375, -2.9140625, -4.7109375], "female_clothes": [3.8046875, 2.4765625, 0.4296875, 12.453125, 2.5, 7.0390625, -1.984375, -7.234375, -6.609375, -4.4375, -4.5546875, -2.25], "male_bags": [8.125, 4.65625, 5.609375, 7.28125, 6.765625, 6.953125, 0.171875, -4.5390625, -0.875, -3.421875, -0.28125, -1.59375], "female_bags": [3.984375, 3.265625, 3.828125, 4.234375, 4.8125, 7.078125, -2.2890625, -4.5234375, -2.5, -0.15625, -4.921875, -5.28125], "male_drinks": [6.4453125, 5.859375, 6.578125, 5.234375, 6.46875, 5.75, -5.453125, -5.1875, -6.09375, -4.671875, -5.453125, -8.4921875], "female_drinks": [6.7109375, 6.296875, 6.640625, 6.8203125, 6.734375, 2.953125, -5.8984375, -10.03125, -5.578125, -8.1015625, -6.5703125, -6.390625]}