{"male_clothes": [0.1284022033214569, 0.11057206988334656, 0.0883946567773819, 0.14440524578094482, 0.22404232621192932, 0.16822075843811035, -0.06791834533214569, -0.03219505771994591, -0.087890625, 0.008946571499109268, -0.009387601166963577, 0.01694808527827263], "female_clothes": [0.09302545338869095, 0.009261592291295528, -0.005418345332145691, 0.16292841732501984, 0.013671875, 0.1426411271095276, -0.0434727817773819, -0.10068044066429138, -0.02324848808348179, -0.06502015888690948, -0.06489415466785431, -0.03080897033214569], "male_bags": [0.0747227817773819, 0.09797126799821854, 0.1196446567773819, 0.09400201588869095, 0.22429434955120087, 0.06325604766607285, 0.004284273833036423, -0.025453627109527588, 0.0022051408886909485, -0.05191532149910927, 0.005229334346950054, -0.06697328388690948], "female_bags": [0.05386844649910927, 0.06401209533214569, -0.06924142688512802, 0.0424647182226181, 0.021484375, 0.023752519860863686, -0.07113154977560043, -0.04013356938958168, -0.017263103276491165, -0.04996219277381897, -0.06747731566429138, -0.08455140888690948], "male_drinks": [0.0991053432226181, 0.06804434955120087, 0.06212197244167328, 0.027217740193009377, 0.05034022033214569, 0.04422882944345474, -0.03704637289047241, -0.03257308527827263, 0.010710686445236206, -0.004473286215215921, 6.300583481788635e-05, -0.027721771970391273], "female_drinks": [0.03836945444345474, 0.07623487710952759, 0.0844884067773819, 0.039188507944345474, 0.06804434955120087, 0.022618446499109268, -0.016633063554763794, -0.021358367055654526, 0.0027091731317341328, -0.04863911122083664, -0.01455393061041832, -0.008064516820013523]}