{"male_clothes": [0.185546875, 0.16269531846046448, 0.08535156399011612, 0.16249999403953552, 0.2777343988418579, 0.22714844346046448, -0.087890625, -0.04765625298023224, -0.08906250447034836, -0.11855468899011612, -0.07109375298023224, 0.02187500149011612], "female_clothes": [0.24306640028953552, 0.10625000298023224, 0.0498046875, 0.23457032442092896, 0.083984375, 0.12109375, -0.09296874701976776, 0.02812499925494194, -0.09550781548023224, -0.03124999813735485, -0.06640625, -0.009765625], "male_bags": [0.10898437350988388, 0.08730468899011612, 0.07871093600988388, 0.13554687798023224, 0.115234375, 0.0810546875, 0.0078125, -0.05703125149011612, 0.05117187649011612, -0.01171875, -0.02695312723517418, 0.0007812497206032276], "female_bags": [0.0205078162252903, -0.0244140587747097, 0.015625, 0.03886719048023224, 0.16328126192092896, 0.06289062649011612, -0.01132812350988388, -0.010156250558793545, -0.03300781548023224, -0.00390625, -0.02187500149011612, -0.010937497019767761], "male_drinks": [0.05781250074505806, 0.11015625298023224, 0.06562500447034836, 0.04374999925494194, -0.01289062574505806, 0.04921875149011612], "female_drinks": [0.03945312276482582, 0.03359375149011612, 0.04570312425494194, 0.04140624776482582, 0.05039062723517418, -0.0031250007450580597]}