{"male_clothes": [0.17890624701976776, 0.1025390625, 0.07871093600988388, 0.18007811903953552, 0.22578126192092896, 0.09941405802965164, -0.07656250149011612, -0.02109375037252903, -0.08671875298023224, -0.03125, -0.04335937649011612, 0.05039062723517418], "female_clothes": [0.13417968153953552, 0.03359375149011612, 0.02597656473517418, 0.24335938692092896, 0.05820312350988388, 0.11445312947034836, -0.05703125149011612, -0.11679688096046448, -0.04570312798023224, -0.08125000447034836, -0.08320312947034836, -0.037109375], "male_bags": [0.12109375, 0.0703125, -0.01152343675494194, 0.10566406697034836, 0.17949219048023224, 0.10390625149011612, -0.02109374850988388, -0.0625, 0.017578125, -0.019140630960464478, 0.01523437537252903, -0.05507812649011612], "female_bags": [-0.05878906324505806, 0.0332031175494194, -0.06816406548023224, 0.06386718899011612, 0.05917968973517418, -0.02968750149011612, -0.02968750149011612, -0.05937500298023224, 0.00507812574505806, -0.02070312388241291, -0.05117187649011612, -0.125], "male_drinks": [0.06875000149011612, 0.11249999701976776, 0.0527343712747097, 0.02812499925494194, 0.06523437798023224, 0.02851562388241291, -0.005468748509883881, -0.013671875, -0.01328125037252903, -0.048828125, 0.00351562537252903, -0.03593750298023224], "female_drinks": [0.05234375223517418, 0.04648437350988388, 0.05078125, 0.01601562649011612, 0.04804687574505806, 0.02187500149011612, 0.0, -0.033203125, -0.012695313431322575, -0.04843749850988388, -0.03789062798023224, 0.02382812649011612]}