{"male_clothes": [0.25, 0.24843749403953552, 0.17500001192092896, 0.16250000894069672, 0.38749998807907104, 0.20781251788139343, -0.015625, 0.0234375, -0.05312500149011612, -0.046875, 0.03281250223517418, 0.02187499962747097], "female_clothes": [-0.07187500596046448, 0.03437500074505806, -0.015625, 0.16093750298023224, 0.02500000037252903, 0.17656250298023224, -0.04531250149011612, -0.15312500298023224, 0.05312500149011612, -0.1015625074505806, -0.11562500149011612, -0.10625000298023224], "male_bags": [0.18906250596046448, -0.0234375, 0.23906251788139343, 0.06718750298023224, 0.3515625, -0.02656250074505806, -0.08281250298023224, -0.012500000186264515, -0.05624999850988388, -0.109375, 0.07500000298023224, -0.0468749962747097], "female_bags": [-0.03203125298023224, -0.029687508940696716, -0.11875000596046448, 0.01406250149011612, -0.02500000037252903, 0.01093750074505806, -0.08124999701976776, -0.05624999850988388, 0.05000000074505806, -0.06875000149011612, -0.03281250223517418, -0.1015625074505806], "male_drinks": [0.08281249552965164, 0.05781249701976776, 0.06875000894069672, 0.05312500149011612, 0.07656250149011612, 0.01249999925494194, -0.06406250596046448, -0.01718749850988388, 0.06875000149011612, 0.00468749925494194, -0.00468749925494194, -0.0078125], "female_drinks": [0.05781250447034836, 0.14531248807907104, 0.0703125, 0.08125000447034836, 0.0859375074505806, 0.04062499850988388, 0.03437500074505806, 0.02187500149011612, -0.05156250298023224, -0.01874999888241291, 0.06562499701976776, -0.03437500074505806]}