{"male_clothes": [7.03125, 6.5, 5.75, 10.734375, 6.265625, 6.03125, -7.171875, -6.703125, -4.4375, -5.625, -7.7578125, -7.609375], "female_clothes": [5.328125, 2.1875, 2.375, 9.875, 1.640625, 4.90625, -8.21875, -8.015625, -6.546875, -8.21875, -9.734375, -3.296875], "male_bags": [4.984375, 3.359375, 4.09375, 6.390625, 3.125, 3.625, 0.734375, -4.765625, 0.53125, -2.359375, -1.75, -0.484375], "female_bags": [3.046875, 2.78125, 2.1875, 2.578125, 2.796875, 1.53125, -1.15625, -3.46875, -2.90625, -2.375, -3.234375, -3.265625], "male_drinks": [5.984375, 4.796875, 2.78125, 3.390625, 3.078125, 1.078125, -6.671875, -5.0, -3.0, -4.8125, -1.421875, -7.90625], "female_drinks": [5.34375, 5.640625, 4.8125, 5.40625, 3.046875, -0.28125, -4.359375, -5.546875, -3.53125, -7.21875, -7.140625, -7.328125]}