{"0": [0.0186941958963871, 0.014349488541483879, 0.02128906361758709, 0.00806361809372902, 0.014158163219690323, 0.019555162638425827, 0.005369100719690323, 0.02926897257566452, 0.020248722285032272, 0.015381856821477413, 0.024059312418103218, 0.026845503598451614, 0.025179367512464523, 0.02704480104148388, 0.022146044299006462, 0.02377231977880001, 0.01673309877514839, 0.028603315353393555, 0.010961415246129036, 0.022680163383483887, 0.038153696805238724, 0.0037627536803483963, 0.03570232540369034, 0.02665417641401291, 0.026526622474193573, 0.02571747452020645, 0.00376275647431612, 0.00462372787296772, 0.034518495202064514, 0.024493781849741936, 0.028483733534812927, 0.026167886331677437, 0.015493462793529034, 0.011945949867367744, 0.04144212603569031, 0.032306279987096786, 0.03279655799269676, 0.02118542604148388, 0.002124521881341934, 0.014764029532670975, 0.02119738608598709, 0.029081620275974274, 0.024202805012464523, 0.02602440118789673, 0.014947386458516121, 0.025087691843509674, 0.023222260177135468, 0.05080914869904518, 0.03977997228503227, 0.03327088803052902], "1": [0.03539939224720001, 0.011666933074593544, -0.006170284003019333, -0.0011160722933709621, -0.018419165164232254, 0.004536034539341927, 0.012814890593290329, 0.012352519668638706, 0.006776150315999985, -0.0038185566663742065, 0.002272002398967743, 0.015298150479793549, 0.014150194823741913, -0.00044244248420000076, 0.00039062477299012244, 0.0003348216414451599, 0.006246013566851616, 0.002128507476300001, -0.011096939444541931, 0.008976399898529053, 0.0035435250028967857, 0.02728794887661934, -0.0001116069033741951, 0.007836412638425827, 0.01300223357975483, 0.006688455119729042, 0.00040657445788383484, 0.008793048560619354, -0.0008609704673290253, 0.009183673188090324, -0.0018813759088516235, 0.006796077359467745, 0.0006178254261612892, 0.011734692379832268, 0.006536988541483879, 0.02644292078912258, 0.010869738645851612, 0.00820312462747097, -0.00028699031099677086, 0.00867346953600645, -0.0018973201513290405, 0.006708385422825813, 0.007932079024612904, -0.008769132196903229, -0.009199616499245167, 0.00762914540246129, 0.02086256444454193, 0.0036551347002387047, 0.011854272335767746, 0.007924106903374195], "2": [], "3": [], "4": [], "5": [], "6": [], "7": [], "8": []}